match_no,group,team_a,team_b,team_a_rank,team_a_points,team_b_rank,team_b_points,host_adjustment_a_pts,host_adjustment_b_pts,expected_goals_a,expected_goals_b,expected_total_goals,prob_team_a_win_pct,prob_draw_pct,prob_team_b_win_pct,prob_over_2_5_goals_pct,prob_under_2_5_goals_pct,prob_both_teams_score_pct,prob_team_a_clean_sheet_pct,prob_team_b_clean_sheet_pct,most_likely_score,top_3_scores,predicted_result,methodology,fixtures_source,ranking_source
1,A,Mexico,South Africa,15,1684.13,60,1428.38,35,0,2.0,0.79,2.79,65.9,20.4,13.8,52.8,47.2,47.1,45.5,13.5,2-0,2-0 (12.3%); 1-0 (12.3%); 2-1 (9.7%),Mexico,Poisson simples com força baseada em pontos/ranking FIFA; +35 pts para anfitriões (MEX/CAN/USA); estimativa recreativa.,https://www.euronews.com/2026/05/30/the-euronews-guide-to-the-2026-world-cup-groups-fixtures-and-european-kick-off-times,https://football-ranking.com/fifa-world-rankings
2,A,Korea Republic,Czechia,25,1589.65,41,1503.04,0,0,1.48,1.11,2.59,45.8,25.9,28.3,47.8,52.2,51.7,33.1,22.7,1-1,1-1 (12.3%); 1-0 (11.1%); 2-1 (9.1%),Korea Republic,Poisson simples com força baseada em pontos/ranking FIFA; +35 pts para anfitriões (MEX/CAN/USA); estimativa recreativa.,https://www.euronews.com/2026/05/30/the-euronews-guide-to-the-2026-world-cup-groups-fixtures-and-european-kick-off-times,https://football-ranking.com/fifa-world-rankings
3,A,Czechia,South Africa,41,1503.04,60,1428.38,0,0,1.45,1.13,2.57,44.5,26.1,29.4,47.5,52.5,51.7,32.4,23.5,1-1,1-1 (12.4%); 1-0 (11.0%); 2-1 (9.0%),Czechia,Poisson simples com força baseada em pontos/ranking FIFA; +35 pts para anfitriões (MEX/CAN/USA); estimativa recreativa.,https://www.euronews.com/2026/05/30/the-euronews-guide-to-the-2026-world-cup-groups-fixtures-and-european-kick-off-times,https://football-ranking.com/fifa-world-rankings
4,A,Mexico,Korea Republic,15,1684.13,25,1589.65,35,0,1.6,1.03,2.63,50.4,25.0,24.6,48.9,51.1,51.4,35.6,20.3,1-1,1-1 (11.9%); 1-0 (11.5%); 2-1 (9.5%),Mexico,Poisson simples com força baseada em pontos/ranking FIFA; +35 pts para anfitriões (MEX/CAN/USA); estimativa recreativa.,https://www.euronews.com/2026/05/30/the-euronews-guide-to-the-2026-world-cup-groups-fixtures-and-european-kick-off-times,https://football-ranking.com/fifa-world-rankings
5,A,South Africa,Korea Republic,60,1428.38,25,1589.65,0,0,0.98,1.68,2.66,22.0,24.2,53.8,49.7,50.3,50.9,18.6,37.5,0-1,0-1 (11.7%); 1-1 (11.5%); 0-2 (9.9%),Korea Republic,Poisson simples com força baseada em pontos/ranking FIFA; +35 pts para anfitriões (MEX/CAN/USA); estimativa recreativa.,https://www.euronews.com/2026/05/30/the-euronews-guide-to-the-2026-world-cup-groups-fixtures-and-european-kick-off-times,https://football-ranking.com/fifa-world-rankings
6,A,Czechia,Mexico,41,1503.04,15,1684.13,0,35,0.89,1.82,2.72,18.1,22.7,59.3,51.0,49.0,49.5,16.2,40.9,0-1,0-1 (12.0%); 0-2 (11.0%); 1-1 (10.8%),Mexico,Poisson simples com força baseada em pontos/ranking FIFA; +35 pts para anfitriões (MEX/CAN/USA); estimativa recreativa.,https://www.euronews.com/2026/05/30/the-euronews-guide-to-the-2026-world-cup-groups-fixtures-and-european-kick-off-times,https://football-ranking.com/fifa-world-rankings
7,B,Canada,Bosnia and Herzegovina,30,1560.61,65,1385.77,35,0,1.81,0.9,2.71,58.7,22.8,18.5,50.9,49.1,49.7,40.5,16.4,1-0,1-0 (12.0%); 1-1 (10.9%); 2-0 (10.9%),Canada,Poisson simples com força baseada em pontos/ranking FIFA; +35 pts para anfitriões (MEX/CAN/USA); estimativa recreativa.,https://www.euronews.com/2026/05/30/the-euronews-guide-to-the-2026-world-cup-groups-fixtures-and-european-kick-off-times,https://football-ranking.com/fifa-world-rankings
8,B,Qatar,Switzerland,55,1452.38,19,1650.75,0,0,0.92,1.78,2.7,19.3,23.2,57.5,50.6,49.4,50.0,16.9,39.8,0-1,0-1 (12.0%); 1-1 (11.0%); 0-2 (10.6%),Switzerland,Poisson simples com força baseada em pontos/ranking FIFA; +35 pts para anfitriões (MEX/CAN/USA); estimativa recreativa.,https://www.euronews.com/2026/05/30/the-euronews-guide-to-the-2026-world-cup-groups-fixtures-and-european-kick-off-times,https://football-ranking.com/fifa-world-rankings
9,B,Switzerland,Bosnia and Herzegovina,19,1650.75,65,1385.77,0,0,1.94,0.82,2.76,63.7,21.2,15.1,52.2,47.8,48.0,44.0,14.3,1-0,1-0 (12.2%); 2-0 (11.9%); 1-1 (10.1%),Switzerland,Poisson simples com força baseada em pontos/ranking FIFA; +35 pts para anfitriões (MEX/CAN/USA); estimativa recreativa.,https://www.euronews.com/2026/05/30/the-euronews-guide-to-the-2026-world-cup-groups-fixtures-and-european-kick-off-times,https://football-ranking.com/fifa-world-rankings
10,B,Canada,Qatar,30,1560.61,55,1452.38,35,0,1.63,1.01,2.64,51.9,24.7,23.4,49.2,50.8,51.2,36.4,19.5,1-1,1-1 (11.7%); 1-0 (11.6%); 2-1 (9.6%),Canada,Poisson simples com força baseada em pontos/ranking FIFA; +35 pts para anfitriões (MEX/CAN/USA); estimativa recreativa.,https://www.euronews.com/2026/05/30/the-euronews-guide-to-the-2026-world-cup-groups-fixtures-and-european-kick-off-times,https://football-ranking.com/fifa-world-rankings
11,B,Switzerland,Canada,19,1650.75,30,1560.61,0,35,1.4,1.16,2.56,42.4,26.4,31.2,47.0,53.0,51.6,31.4,24.7,1-1,1-1 (12.6%); 1-0 (10.8%); 0-1 (9.0%),Switzerland,Poisson simples com força baseada em pontos/ranking FIFA; +35 pts para anfitriões (MEX/CAN/USA); estimativa recreativa.,https://www.euronews.com/2026/05/30/the-euronews-guide-to-the-2026-world-cup-groups-fixtures-and-european-kick-off-times,https://football-ranking.com/fifa-world-rankings
12,B,Bosnia and Herzegovina,Qatar,65,1385.77,55,1452.38,0,0,1.14,1.43,2.57,30.1,26.3,43.6,47.3,52.7,51.7,24.0,32.0,1-1,1-1 (12.5%); 0-1 (11.0%); 1-2 (8.9%),Qatar,Poisson simples com força baseada em pontos/ranking FIFA; +35 pts para anfitriões (MEX/CAN/USA); estimativa recreativa.,https://www.euronews.com/2026/05/30/the-euronews-guide-to-the-2026-world-cup-groups-fixtures-and-european-kick-off-times,https://football-ranking.com/fifa-world-rankings
13,C,Brazil,Morocco,6,1762.66,8,1757.29,0,0,1.26,1.24,2.51,37.1,27.0,36.0,45.8,54.2,51.0,28.9,28.2,1-1,1-1 (12.8%); 1-0 (10.3%); 0-1 (10.1%),Brazil,Poisson simples com força baseada em pontos/ranking FIFA; +35 pts para anfitriões (MEX/CAN/USA); estimativa recreativa.,https://www.euronews.com/2026/05/30/the-euronews-guide-to-the-2026-world-cup-groups-fixtures-and-european-kick-off-times,https://football-ranking.com/fifa-world-rankings
14,C,Haiti,Scotland,82,1296.61,43,1499.92,0,0,0.91,1.79,2.7,18.9,23.0,58.0,50.7,49.3,49.9,16.7,40.1,0-1,0-1 (12.0%); 1-1 (11.0%); 0-2 (10.7%),Scotland,Poisson simples com força baseada em pontos/ranking FIFA; +35 pts para anfitriões (MEX/CAN/USA); estimativa recreativa.,https://www.euronews.com/2026/05/30/the-euronews-guide-to-the-2026-world-cup-groups-fixtures-and-european-kick-off-times,https://football-ranking.com/fifa-world-rankings
15,C,Scotland,Morocco,43,1499.92,8,1757.29,0,0,0.83,1.92,2.76,15.6,21.4,63.0,52.0,48.0,48.3,14.6,43.5,0-1,0-1 (12.2%); 0-2 (11.8%); 1-1 (10.2%),Morocco,Poisson simples com força baseada em pontos/ranking FIFA; +35 pts para anfitriões (MEX/CAN/USA); estimativa recreativa.,https://www.euronews.com/2026/05/30/the-euronews-guide-to-the-2026-world-cup-groups-fixtures-and-european-kick-off-times,https://football-ranking.com/fifa-world-rankings
16,C,Brazil,Haiti,6,1762.66,82,1296.61,0,0,2.36,0.59,2.95,76.9,15.5,7.6,56.5,43.5,40.5,55.3,9.5,2-0,2-0 (14.5%); 1-0 (12.3%); 3-0 (11.4%),Brazil,Poisson simples com força baseada em pontos/ranking FIFA; +35 pts para anfitriões (MEX/CAN/USA); estimativa recreativa.,https://www.euronews.com/2026/05/30/the-euronews-guide-to-the-2026-world-cup-groups-fixtures-and-european-kick-off-times,https://football-ranking.com/fifa-world-rankings
17,C,Scotland,Brazil,43,1499.92,6,1762.66,0,0,0.83,1.94,2.76,15.3,21.2,63.5,52.2,47.8,48.1,14.4,43.8,0-1,0-1 (12.2%); 0-2 (11.8%); 1-1 (10.1%),Brazil,Poisson simples com força baseada em pontos/ranking FIFA; +35 pts para anfitriões (MEX/CAN/USA); estimativa recreativa.,https://www.euronews.com/2026/05/30/the-euronews-guide-to-the-2026-world-cup-groups-fixtures-and-european-kick-off-times,https://football-ranking.com/fifa-world-rankings
18,C,Morocco,Haiti,8,1757.29,82,1296.61,0,0,2.35,0.6,2.95,76.7,15.6,7.7,56.5,43.5,40.7,55.0,9.5,2-0,2-0 (14.5%); 1-0 (12.3%); 3-0 (11.3%),Morocco,Poisson simples com força baseada em pontos/ranking FIFA; +35 pts para anfitriões (MEX/CAN/USA); estimativa recreativa.,https://www.euronews.com/2026/05/30/the-euronews-guide-to-the-2026-world-cup-groups-fixtures-and-european-kick-off-times,https://football-ranking.com/fifa-world-rankings
19,D,USA,Paraguay,16,1675.71,40,1503.5,35,0,1.8,0.91,2.71,58.4,22.9,18.7,50.8,49.2,49.8,40.3,16.5,1-0,1-0 (12.0%); 1-1 (10.9%); 2-0 (10.8%),USA,Poisson simples com força baseada em pontos/ranking FIFA; +35 pts para anfitriões (MEX/CAN/USA); estimativa recreativa.,https://www.euronews.com/2026/05/30/the-euronews-guide-to-the-2026-world-cup-groups-fixtures-and-european-kick-off-times,https://football-ranking.com/fifa-world-rankings
20,D,Australia,Türkiye,27,1578.65,22,1601.99,0,0,1.21,1.31,2.52,34.2,26.8,39.0,46.2,53.8,51.3,26.9,29.8,1-1,1-1 (12.7%); 0-1 (10.5%); 1-0 (9.7%),Türkiye,Poisson simples com força baseada em pontos/ranking FIFA; +35 pts para anfitriões (MEX/CAN/USA); estimativa recreativa.,https://www.euronews.com/2026/05/30/the-euronews-guide-to-the-2026-world-cup-groups-fixtures-and-european-kick-off-times,https://football-ranking.com/fifa-world-rankings
21,D,USA,Australia,16,1675.71,27,1578.65,35,0,1.6,1.03,2.63,50.7,24.9,24.3,49.0,51.0,51.3,35.7,20.1,1-1,1-1 (11.9%); 1-0 (11.5%); 2-1 (9.5%),USA,Poisson simples com força baseada em pontos/ranking FIFA; +35 pts para anfitriões (MEX/CAN/USA); estimativa recreativa.,https://www.euronews.com/2026/05/30/the-euronews-guide-to-the-2026-world-cup-groups-fixtures-and-european-kick-off-times,https://football-ranking.com/fifa-world-rankings
22,D,Türkiye,Paraguay,22,1601.99,40,1503.5,0,0,1.51,1.09,2.6,47.1,25.7,27.2,48.1,51.9,51.6,33.8,22.0,1-1,1-1 (12.2%); 1-0 (11.3%); 2-1 (9.2%),Türkiye,Poisson simples com força baseada em pontos/ranking FIFA; +35 pts para anfitriões (MEX/CAN/USA); estimativa recreativa.,https://www.euronews.com/2026/05/30/the-euronews-guide-to-the-2026-world-cup-groups-fixtures-and-european-kick-off-times,https://football-ranking.com/fifa-world-rankings
23,D,Türkiye,USA,22,1601.99,16,1675.71,0,35,1.07,1.54,2.61,26.3,25.5,48.2,48.4,51.6,51.6,21.4,34.4,1-1,1-1 (12.1%); 0-1 (11.3%); 1-2 (9.3%),USA,Poisson simples com força baseada em pontos/ranking FIFA; +35 pts para anfitriões (MEX/CAN/USA); estimativa recreativa.,https://www.euronews.com/2026/05/30/the-euronews-guide-to-the-2026-world-cup-groups-fixtures-and-european-kick-off-times,https://football-ranking.com/fifa-world-rankings
24,D,Paraguay,Australia,40,1503.5,27,1578.65,0,0,1.12,1.45,2.58,29.3,26.1,44.6,47.5,52.5,51.7,23.5,32.5,1-1,1-1 (12.4%); 0-1 (11.0%); 1-2 (9.0%),Australia,Poisson simples com força baseada em pontos/ranking FIFA; +35 pts para anfitriões (MEX/CAN/USA); estimativa recreativa.,https://www.euronews.com/2026/05/30/the-euronews-guide-to-the-2026-world-cup-groups-fixtures-and-european-kick-off-times,https://football-ranking.com/fifa-world-rankings
25,E,Germany,Curaçao,10,1731.3,83,1293.08,0,0,2.32,0.62,2.94,75.6,16.1,8.2,56.3,43.7,41.7,53.8,9.8,2-0,2-0 (14.2%); 1-0 (12.3%); 3-0 (11.0%),Germany,Poisson simples com força baseada em pontos/ranking FIFA; +35 pts para anfitriões (MEX/CAN/USA); estimativa recreativa.,https://www.euronews.com/2026/05/30/the-euronews-guide-to-the-2026-world-cup-groups-fixtures-and-european-kick-off-times,https://football-ranking.com/fifa-world-rankings
26,E,Côte d'Ivoire,Ecuador,34,1532.98,24,1596.48,0,0,1.14,1.42,2.56,30.4,26.3,43.3,47.2,52.8,51.7,24.2,31.8,1-1,1-1 (12.5%); 0-1 (10.9%); 1-2 (8.9%),Ecuador,Poisson simples com força baseada em pontos/ranking FIFA; +35 pts para anfitriões (MEX/CAN/USA); estimativa recreativa.,https://www.euronews.com/2026/05/30/the-euronews-guide-to-the-2026-world-cup-groups-fixtures-and-european-kick-off-times,https://football-ranking.com/fifa-world-rankings
27,E,Germany,Côte d'Ivoire,10,1731.3,34,1532.98,0,0,1.78,0.92,2.7,57.5,23.2,19.3,50.6,49.4,50.0,39.8,16.9,1-0,1-0 (12.0%); 1-1 (11.0%); 2-0 (10.6%),Germany,Poisson simples com força baseada em pontos/ranking FIFA; +35 pts para anfitriões (MEX/CAN/USA); estimativa recreativa.,https://www.euronews.com/2026/05/30/the-euronews-guide-to-the-2026-world-cup-groups-fixtures-and-european-kick-off-times,https://football-ranking.com/fifa-world-rankings
28,E,Ecuador,Curaçao,24,1596.48,83,1293.08,0,0,2.03,0.77,2.8,66.9,20.0,13.1,53.1,46.9,46.7,46.3,13.1,2-0,2-0 (12.5%); 1-0 (12.3%); 2-1 (9.6%),Ecuador,Poisson simples com força baseada em pontos/ranking FIFA; +35 pts para anfitriões (MEX/CAN/USA); estimativa recreativa.,https://www.euronews.com/2026/05/30/the-euronews-guide-to-the-2026-world-cup-groups-fixtures-and-european-kick-off-times,https://football-ranking.com/fifa-world-rankings
29,E,Curaçao,Côte d'Ivoire,83,1293.08,34,1532.98,0,0,0.86,1.88,2.74,16.6,21.9,61.5,51.6,48.4,48.8,15.2,42.4,0-1,0-1 (12.2%); 0-2 (11.4%); 1-1 (10.4%),Côte d'Ivoire,Poisson simples com força baseada em pontos/ranking FIFA; +35 pts para anfitriões (MEX/CAN/USA); estimativa recreativa.,https://www.euronews.com/2026/05/30/the-euronews-guide-to-the-2026-world-cup-groups-fixtures-and-european-kick-off-times,https://football-ranking.com/fifa-world-rankings
30,E,Ecuador,Germany,24,1596.48,10,1731.3,0,0,1.02,1.61,2.63,24.1,24.9,51.0,49.0,51.0,51.3,20.0,35.9,1-1,1-1 (11.8%); 0-1 (11.6%); 1-2 (9.5%),Germany,Poisson simples com força baseada em pontos/ranking FIFA; +35 pts para anfitriões (MEX/CAN/USA); estimativa recreativa.,https://www.euronews.com/2026/05/30/the-euronews-guide-to-the-2026-world-cup-groups-fixtures-and-european-kick-off-times,https://football-ranking.com/fifa-world-rankings
31,F,Netherlands,Japan,7,1757.87,18,1661.58,0,0,1.51,1.09,2.6,46.9,25.7,27.4,48.1,51.9,51.7,33.6,22.2,1-1,1-1 (12.2%); 1-0 (11.2%); 2-1 (9.2%),Netherlands,Poisson simples com força baseada em pontos/ranking FIFA; +35 pts para anfitriões (MEX/CAN/USA); estimativa recreativa.,https://www.euronews.com/2026/05/30/the-euronews-guide-to-the-2026-world-cup-groups-fixtures-and-european-kick-off-times,https://football-ranking.com/fifa-world-rankings
32,F,Sweden,Tunisia,38,1510.12,45,1479.09,0,0,1.33,1.2,2.53,39.8,26.7,33.5,46.4,53.6,51.4,30.1,26.4,1-1,1-1 (12.7%); 1-0 (10.6%); 0-1 (9.5%),Sweden,Poisson simples com força baseada em pontos/ranking FIFA; +35 pts para anfitriões (MEX/CAN/USA); estimativa recreativa.,https://www.euronews.com/2026/05/30/the-euronews-guide-to-the-2026-world-cup-groups-fixtures-and-european-kick-off-times,https://football-ranking.com/fifa-world-rankings
33,F,Netherlands,Sweden,7,1757.87,38,1510.12,0,0,1.9,0.85,2.75,62.2,21.7,16.1,51.8,48.2,48.6,42.9,14.9,1-0,1-0 (12.2%); 2-0 (11.6%); 1-1 (10.3%),Netherlands,Poisson simples com força baseada em pontos/ranking FIFA; +35 pts para anfitriões (MEX/CAN/USA); estimativa recreativa.,https://www.euronews.com/2026/05/30/the-euronews-guide-to-the-2026-world-cup-groups-fixtures-and-european-kick-off-times,https://football-ranking.com/fifa-world-rankings
34,F,Tunisia,Japan,45,1479.09,18,1661.58,0,0,0.95,1.74,2.68,20.4,23.6,56.0,50.2,49.8,50.4,17.6,38.8,0-1,0-1 (11.9%); 1-1 (11.2%); 0-2 (10.3%),Japan,Poisson simples com força baseada em pontos/ranking FIFA; +35 pts para anfitriões (MEX/CAN/USA); estimativa recreativa.,https://www.euronews.com/2026/05/30/the-euronews-guide-to-the-2026-world-cup-groups-fixtures-and-european-kick-off-times,https://football-ranking.com/fifa-world-rankings
35,F,Tunisia,Netherlands,45,1479.09,7,1757.87,0,0,0.8,1.98,2.78,14.4,20.7,64.9,52.5,47.5,47.5,13.9,44.8,0-1,0-1 (12.3%); 0-2 (12.1%); 1-1 (9.9%),Netherlands,Poisson simples com força baseada em pontos/ranking FIFA; +35 pts para anfitriões (MEX/CAN/USA); estimativa recreativa.,https://www.euronews.com/2026/05/30/the-euronews-guide-to-the-2026-world-cup-groups-fixtures-and-european-kick-off-times,https://football-ranking.com/fifa-world-rankings
36,F,Japan,Sweden,18,1661.58,38,1510.12,0,0,1.65,1.0,2.65,52.8,24.5,22.8,49.4,50.6,51.0,36.9,19.1,1-0,1-0 (11.7%); 1-1 (11.6%); 2-0 (9.7%),Japan,Poisson simples com força baseada em pontos/ranking FIFA; +35 pts para anfitriões (MEX/CAN/USA); estimativa recreativa.,https://www.euronews.com/2026/05/30/the-euronews-guide-to-the-2026-world-cup-groups-fixtures-and-european-kick-off-times,https://football-ranking.com/fifa-world-rankings
37,G,Belgium,Egypt,9,1739.54,28,1565.56,0,0,1.71,0.96,2.67,55.1,23.9,21.0,50.0,50.0,50.6,38.3,18.0,1-0,1-0 (11.8%); 1-1 (11.4%); 2-0 (10.1%),Belgium,Poisson simples com força baseada em pontos/ranking FIFA; +35 pts para anfitriões (MEX/CAN/USA); estimativa recreativa.,https://www.euronews.com/2026/05/30/the-euronews-guide-to-the-2026-world-cup-groups-fixtures-and-european-kick-off-times,https://football-ranking.com/fifa-world-rankings
38,G,IR Iran,New Zealand,21,1616.04,85,1276.67,0,0,2.11,0.72,2.84,69.6,18.9,11.5,54.0,46.0,45.3,48.5,12.1,2-0,2-0 (13.1%); 1-0 (12.4%); 2-1 (9.5%),IR Iran,Poisson simples com força baseada em pontos/ranking FIFA; +35 pts para anfitriões (MEX/CAN/USA); estimativa recreativa.,https://www.euronews.com/2026/05/30/the-euronews-guide-to-the-2026-world-cup-groups-fixtures-and-european-kick-off-times,https://football-ranking.com/fifa-world-rankings
39,G,Belgium,IR Iran,9,1739.54,21,1616.04,0,0,1.58,1.04,2.62,49.8,25.1,25.1,48.7,51.3,51.4,35.2,20.6,1-1,1-1 (12.0%); 1-0 (11.5%); 2-1 (9.4%),Belgium,Poisson simples com força baseada em pontos/ranking FIFA; +35 pts para anfitriões (MEX/CAN/USA); estimativa recreativa.,https://www.euronews.com/2026/05/30/the-euronews-guide-to-the-2026-world-cup-groups-fixtures-and-european-kick-off-times,https://football-ranking.com/fifa-world-rankings
40,G,New Zealand,Egypt,85,1276.67,28,1565.56,0,0,0.79,2.0,2.79,13.9,20.4,65.7,52.8,47.2,47.2,13.5,45.4,0-1,0-1 (12.3%); 0-2 (12.3%); 1-1 (9.7%),Egypt,Poisson simples com força baseada em pontos/ranking FIFA; +35 pts para anfitriões (MEX/CAN/USA); estimativa recreativa.,https://www.euronews.com/2026/05/30/the-euronews-guide-to-the-2026-world-cup-groups-fixtures-and-european-kick-off-times,https://football-ranking.com/fifa-world-rankings
41,G,New Zealand,Belgium,85,1276.67,9,1739.54,0,0,0.6,2.35,2.95,7.6,15.6,76.8,56.5,43.5,40.6,9.5,55.1,0-2,0-2 (14.5%); 0-1 (12.3%); 0-3 (11.4%),Belgium,Poisson simples com força baseada em pontos/ranking FIFA; +35 pts para anfitriões (MEX/CAN/USA); estimativa recreativa.,https://www.euronews.com/2026/05/30/the-euronews-guide-to-the-2026-world-cup-groups-fixtures-and-european-kick-off-times,https://football-ranking.com/fifa-world-rankings
42,G,Egypt,IR Iran,28,1565.56,21,1616.04,0,0,1.17,1.38,2.55,31.6,26.5,41.9,46.9,53.1,51.6,25.1,31.1,1-1,1-1 (12.6%); 0-1 (10.8%); 1-0 (9.1%),IR Iran,Poisson simples com força baseada em pontos/ranking FIFA; +35 pts para anfitriões (MEX/CAN/USA); estimativa recreativa.,https://www.euronews.com/2026/05/30/the-euronews-guide-to-the-2026-world-cup-groups-fixtures-and-european-kick-off-times,https://football-ranking.com/fifa-world-rankings
43,H,Spain,Cabo Verde,2,1876.4,68,1369.3,0,0,2.4,0.55,2.95,78.4,14.8,6.7,56.5,43.5,38.6,57.5,9.1,2-0,2-0 (15.0%); 1-0 (12.5%); 3-0 (12.0%),Spain,Poisson simples com força baseada em pontos/ranking FIFA; +35 pts para anfitriões (MEX/CAN/USA); estimativa recreativa.,https://www.euronews.com/2026/05/30/the-euronews-guide-to-the-2026-world-cup-groups-fixtures-and-european-kick-off-times,https://football-ranking.com/fifa-world-rankings
44,H,Saudi Arabia,Uruguay,61,1419.73,17,1673.07,0,0,0.84,1.91,2.75,15.8,21.5,62.7,51.9,48.1,48.4,14.7,43.2,0-1,0-1 (12.2%); 0-2 (11.7%); 1-1 (10.2%),Uruguay,Poisson simples com força baseada em pontos/ranking FIFA; +35 pts para anfitriões (MEX/CAN/USA); estimativa recreativa.,https://www.euronews.com/2026/05/30/the-euronews-guide-to-the-2026-world-cup-groups-fixtures-and-european-kick-off-times,https://football-ranking.com/fifa-world-rankings
45,H,Spain,Saudi Arabia,2,1876.4,61,1419.73,0,0,2.35,0.6,2.95,76.5,15.7,7.8,56.5,43.5,40.9,54.8,9.6,2-0,2-0 (14.4%); 1-0 (12.3%); 3-0 (11.3%),Spain,Poisson simples com força baseada em pontos/ranking FIFA; +35 pts para anfitriões (MEX/CAN/USA); estimativa recreativa.,https://www.euronews.com/2026/05/30/the-euronews-guide-to-the-2026-world-cup-groups-fixtures-and-european-kick-off-times,https://football-ranking.com/fifa-world-rankings
46,H,Uruguay,Cabo Verde,17,1673.07,68,1369.3,0,0,2.03,0.77,2.8,66.9,20.0,13.1,53.1,46.9,46.6,46.3,13.1,2-0,2-0 (12.5%); 1-0 (12.3%); 2-1 (9.6%),Uruguay,Poisson simples com força baseada em pontos/ranking FIFA; +35 pts para anfitriões (MEX/CAN/USA); estimativa recreativa.,https://www.euronews.com/2026/05/30/the-euronews-guide-to-the-2026-world-cup-groups-fixtures-and-european-kick-off-times,https://football-ranking.com/fifa-world-rankings
47,H,Saudi Arabia,Cabo Verde,61,1419.73,68,1369.3,0,0,1.38,1.17,2.55,41.9,26.5,31.6,46.9,53.1,51.6,31.1,25.1,1-1,1-1 (12.6%); 1-0 (10.8%); 0-1 (9.1%),Saudi Arabia,Poisson simples com força baseada em pontos/ranking FIFA; +35 pts para anfitriões (MEX/CAN/USA); estimativa recreativa.,https://www.euronews.com/2026/05/30/the-euronews-guide-to-the-2026-world-cup-groups-fixtures-and-european-kick-off-times,https://football-ranking.com/fifa-world-rankings
48,H,Uruguay,Spain,17,1673.07,2,1876.4,0,0,0.91,1.79,2.7,18.9,23.0,58.0,50.7,49.3,49.9,16.7,40.1,0-1,0-1 (12.0%); 1-1 (11.0%); 0-2 (10.7%),Spain,Poisson simples com força baseada em pontos/ranking FIFA; +35 pts para anfitriões (MEX/CAN/USA); estimativa recreativa.,https://www.euronews.com/2026/05/30/the-euronews-guide-to-the-2026-world-cup-groups-fixtures-and-european-kick-off-times,https://football-ranking.com/fifa-world-rankings
49,I,France,Senegal,1,1877.32,14,1686.41,0,0,1.76,0.93,2.69,56.8,23.4,19.8,50.4,49.6,50.2,39.3,17.2,1-0,1-0 (11.9%); 1-1 (11.1%); 2-0 (10.5%),France,Poisson simples com força baseada em pontos/ranking FIFA; +35 pts para anfitriões (MEX/CAN/USA); estimativa recreativa.,https://www.euronews.com/2026/05/30/the-euronews-guide-to-the-2026-world-cup-groups-fixtures-and-european-kick-off-times,https://football-ranking.com/fifa-world-rankings
50,I,Iraq,Norway,57,1447.78,31,1555.59,0,0,1.07,1.54,2.61,26.4,25.5,48.1,48.4,51.6,51.6,21.5,34.3,1-1,1-1 (12.1%); 0-1 (11.3%); 1-2 (9.3%),Norway,Poisson simples com força baseada em pontos/ranking FIFA; +35 pts para anfitriões (MEX/CAN/USA); estimativa recreativa.,https://www.euronews.com/2026/05/30/the-euronews-guide-to-the-2026-world-cup-groups-fixtures-and-european-kick-off-times,https://football-ranking.com/fifa-world-rankings
51,I,France,Iraq,1,1877.32,57,1447.78,0,0,2.3,0.63,2.93,75.2,16.3,8.5,56.1,43.9,42.0,53.4,10.0,2-0,2-0 (14.1%); 1-0 (12.3%); 3-0 (10.9%),France,Poisson simples com força baseada em pontos/ranking FIFA; +35 pts para anfitriões (MEX/CAN/USA); estimativa recreativa.,https://www.euronews.com/2026/05/30/the-euronews-guide-to-the-2026-world-cup-groups-fixtures-and-european-kick-off-times,https://football-ranking.com/fifa-world-rankings
52,I,Senegal,Norway,14,1686.41,31,1555.59,0,0,1.6,1.03,2.63,50.6,25.0,24.4,48.9,51.1,51.3,35.7,20.2,1-1,1-1 (11.9%); 1-0 (11.5%); 2-1 (9.5%),Senegal,Poisson simples com força baseada em pontos/ranking FIFA; +35 pts para anfitriões (MEX/CAN/USA); estimativa recreativa.,https://www.euronews.com/2026/05/30/the-euronews-guide-to-the-2026-world-cup-groups-fixtures-and-european-kick-off-times,https://football-ranking.com/fifa-world-rankings
53,I,Senegal,Iraq,14,1686.41,57,1447.78,0,0,1.88,0.86,2.74,61.4,22.0,16.7,51.6,48.4,48.9,42.3,15.3,1-0,1-0 (12.1%); 2-0 (11.4%); 1-1 (10.4%),Senegal,Poisson simples com força baseada em pontos/ranking FIFA; +35 pts para anfitriões (MEX/CAN/USA); estimativa recreativa.,https://www.euronews.com/2026/05/30/the-euronews-guide-to-the-2026-world-cup-groups-fixtures-and-european-kick-off-times,https://football-ranking.com/fifa-world-rankings
54,I,Norway,France,31,1555.59,1,1877.32,0,0,0.75,2.08,2.82,12.3,19.4,68.3,53.6,46.4,46.0,12.5,47.4,0-2,0-2 (12.8%); 0-1 (12.4%); 1-2 (9.6%),France,Poisson simples com força baseada em pontos/ranking FIFA; +35 pts para anfitriões (MEX/CAN/USA); estimativa recreativa.,https://www.euronews.com/2026/05/30/the-euronews-guide-to-the-2026-world-cup-groups-fixtures-and-european-kick-off-times,https://football-ranking.com/fifa-world-rankings
55,J,Argentina,Algeria,3,1874.81,29,1564.26,0,0,2.05,0.76,2.81,67.4,19.8,12.8,53.3,46.7,46.4,46.7,12.9,2-0,2-0 (12.6%); 1-0 (12.3%); 2-1 (9.6%),Argentina,Poisson simples com força baseada em pontos/ranking FIFA; +35 pts para anfitriões (MEX/CAN/USA); estimativa recreativa.,https://www.euronews.com/2026/05/30/the-euronews-guide-to-the-2026-world-cup-groups-fixtures-and-european-kick-off-times,https://football-ranking.com/fifa-world-rankings
56,J,Austria,Jordan,23,1597.41,63,1390.1,0,0,1.8,0.91,2.71,58.4,22.9,18.7,50.8,49.2,49.8,40.3,16.5,1-0,1-0 (12.0%); 1-1 (10.9%); 2-0 (10.8%),Austria,Poisson simples com força baseada em pontos/ranking FIFA; +35 pts para anfitriões (MEX/CAN/USA); estimativa recreativa.,https://www.euronews.com/2026/05/30/the-euronews-guide-to-the-2026-world-cup-groups-fixtures-and-european-kick-off-times,https://football-ranking.com/fifa-world-rankings
57,J,Argentina,Austria,3,1874.81,23,1597.41,0,0,1.97,0.8,2.78,64.8,20.8,14.5,52.5,47.5,47.6,44.7,13.9,1-0,1-0 (12.3%); 2-0 (12.1%); 1-1 (9.9%),Argentina,Poisson simples com força baseada em pontos/ranking FIFA; +35 pts para anfitriões (MEX/CAN/USA); estimativa recreativa.,https://www.euronews.com/2026/05/30/the-euronews-guide-to-the-2026-world-cup-groups-fixtures-and-european-kick-off-times,https://football-ranking.com/fifa-world-rankings
58,J,Algeria,Jordan,29,1564.26,63,1390.1,0,0,1.71,0.96,2.67,55.1,23.9,21.0,50.0,50.0,50.6,38.3,18.0,1-0,1-0 (11.8%); 1-1 (11.3%); 2-0 (10.1%),Algeria,Poisson simples com força baseada em pontos/ranking FIFA; +35 pts para anfitriões (MEX/CAN/USA); estimativa recreativa.,https://www.euronews.com/2026/05/30/the-euronews-guide-to-the-2026-world-cup-groups-fixtures-and-european-kick-off-times,https://football-ranking.com/fifa-world-rankings
59,J,Algeria,Austria,29,1564.26,23,1597.41,0,0,1.2,1.34,2.53,33.3,26.7,40.0,46.5,53.5,51.4,26.2,30.3,1-1,1-1 (12.7%); 0-1 (10.6%); 1-0 (9.5%),Austria,Poisson simples com força baseada em pontos/ranking FIFA; +35 pts para anfitriões (MEX/CAN/USA); estimativa recreativa.,https://www.euronews.com/2026/05/30/the-euronews-guide-to-the-2026-world-cup-groups-fixtures-and-european-kick-off-times,https://football-ranking.com/fifa-world-rankings
60,J,Argentina,Jordan,3,1874.81,63,1390.1,0,0,2.38,0.57,2.95,77.6,15.2,7.2,56.5,43.5,39.6,56.3,9.3,2-0,2-0 (14.8%); 1-0 (12.4%); 3-0 (11.7%),Argentina,Poisson simples com força baseada em pontos/ranking FIFA; +35 pts para anfitriões (MEX/CAN/USA); estimativa recreativa.,https://www.euronews.com/2026/05/30/the-euronews-guide-to-the-2026-world-cup-groups-fixtures-and-european-kick-off-times,https://football-ranking.com/fifa-world-rankings
61,K,Portugal,Congo DR,5,1763.83,46,1478.35,0,0,1.99,0.79,2.79,65.4,20.5,14.0,52.7,47.3,47.3,45.2,13.6,1-0,1-0 (12.3%); 2-0 (12.2%); 1-1 (9.8%),Portugal,Poisson simples com força baseada em pontos/ranking FIFA; +35 pts para anfitriões (MEX/CAN/USA); estimativa recreativa.,https://www.euronews.com/2026/05/30/the-euronews-guide-to-the-2026-world-cup-groups-fixtures-and-european-kick-off-times,https://football-ranking.com/fifa-world-rankings
62,K,Uzbekistan,Colombia,50,1461.21,13,1695.99,0,0,0.87,1.87,2.73,16.9,22.1,61.0,51.5,48.5,49.0,15.4,42.1,0-1,0-1 (12.1%); 0-2 (11.3%); 1-1 (10.5%),Colombia,Poisson simples com força baseada em pontos/ranking FIFA; +35 pts para anfitriões (MEX/CAN/USA); estimativa recreativa.,https://www.euronews.com/2026/05/30/the-euronews-guide-to-the-2026-world-cup-groups-fixtures-and-european-kick-off-times,https://football-ranking.com/fifa-world-rankings
63,K,Portugal,Uzbekistan,5,1763.83,50,1461.21,0,0,2.03,0.77,2.8,66.8,20.0,13.2,53.1,46.9,46.7,46.3,13.1,2-0,2-0 (12.5%); 1-0 (12.3%); 2-1 (9.6%),Portugal,Poisson simples com força baseada em pontos/ranking FIFA; +35 pts para anfitriões (MEX/CAN/USA); estimativa recreativa.,https://www.euronews.com/2026/05/30/the-euronews-guide-to-the-2026-world-cup-groups-fixtures-and-european-kick-off-times,https://football-ranking.com/fifa-world-rankings
64,K,Congo DR,Colombia,46,1478.35,13,1695.99,0,0,0.89,1.83,2.72,18.0,22.6,59.4,51.1,48.9,49.5,16.1,41.0,0-1,0-1 (12.1%); 0-2 (11.0%); 1-1 (10.8%),Colombia,Poisson simples com força baseada em pontos/ranking FIFA; +35 pts para anfitriões (MEX/CAN/USA); estimativa recreativa.,https://www.euronews.com/2026/05/30/the-euronews-guide-to-the-2026-world-cup-groups-fixtures-and-european-kick-off-times,https://football-ranking.com/fifa-world-rankings
65,K,Colombia,Portugal,13,1695.99,5,1763.83,0,0,1.14,1.43,2.57,30.0,26.2,43.8,47.3,52.7,51.7,23.9,32.1,1-1,1-1 (12.5%); 0-1 (11.0%); 1-2 (8.9%),Portugal,Poisson simples com força baseada em pontos/ranking FIFA; +35 pts para anfitriões (MEX/CAN/USA); estimativa recreativa.,https://www.euronews.com/2026/05/30/the-euronews-guide-to-the-2026-world-cup-groups-fixtures-and-european-kick-off-times,https://football-ranking.com/fifa-world-rankings
66,K,Congo DR,Uzbekistan,46,1478.35,50,1461.21,0,0,1.3,1.22,2.52,38.3,26.9,34.8,46.1,53.9,51.2,29.5,27.4,1-1,1-1 (12.8%); 1-0 (10.5%); 0-1 (9.9%),Congo DR,Poisson simples com força baseada em pontos/ranking FIFA; +35 pts para anfitriões (MEX/CAN/USA); estimativa recreativa.,https://www.euronews.com/2026/05/30/the-euronews-guide-to-the-2026-world-cup-groups-fixtures-and-european-kick-off-times,https://football-ranking.com/fifa-world-rankings
67,L,England,Croatia,4,1825.97,11,1712.24,0,0,1.55,1.06,2.61,48.7,25.4,25.9,48.5,51.5,51.5,34.7,21.1,1-1,1-1 (12.1%); 1-0 (11.4%); 2-1 (9.4%),England,Poisson simples com força baseada em pontos/ranking FIFA; +35 pts para anfitriões (MEX/CAN/USA); estimativa recreativa.,https://www.euronews.com/2026/05/30/the-euronews-guide-to-the-2026-world-cup-groups-fixtures-and-european-kick-off-times,https://football-ranking.com/fifa-world-rankings
68,L,Ghana,Panama,73,1346.88,33,1539.14,0,0,0.93,1.76,2.69,19.7,23.4,56.9,50.4,49.6,50.2,17.2,39.4,0-1,0-1 (11.9%); 1-1 (11.1%); 0-2 (10.5%),Panama,Poisson simples com força baseada em pontos/ranking FIFA; +35 pts para anfitriões (MEX/CAN/USA); estimativa recreativa.,https://www.euronews.com/2026/05/30/the-euronews-guide-to-the-2026-world-cup-groups-fixtures-and-european-kick-off-times,https://football-ranking.com/fifa-world-rankings
69,L,England,Ghana,4,1825.97,73,1346.88,0,0,2.37,0.58,2.95,77.4,15.3,7.3,56.5,43.5,39.9,56.0,9.3,2-0,2-0 (14.7%); 1-0 (12.4%); 3-0 (11.6%),England,Poisson simples com força baseada em pontos/ranking FIFA; +35 pts para anfitriões (MEX/CAN/USA); estimativa recreativa.,https://www.euronews.com/2026/05/30/the-euronews-guide-to-the-2026-world-cup-groups-fixtures-and-european-kick-off-times,https://football-ranking.com/fifa-world-rankings
70,L,Croatia,Panama,11,1712.24,33,1539.14,0,0,1.71,0.96,2.67,55.0,23.9,21.1,50.0,50.0,50.6,38.2,18.1,1-0,1-0 (11.8%); 1-1 (11.4%); 2-0 (10.1%),Croatia,Poisson simples com força baseada em pontos/ranking FIFA; +35 pts para anfitriões (MEX/CAN/USA); estimativa recreativa.,https://www.euronews.com/2026/05/30/the-euronews-guide-to-the-2026-world-cup-groups-fixtures-and-european-kick-off-times,https://football-ranking.com/fifa-world-rankings
71,L,England,Panama,4,1825.97,33,1539.14,0,0,2.0,0.79,2.79,65.5,20.5,14.0,52.7,47.3,47.3,45.3,13.6,1-0,1-0 (12.3%); 2-0 (12.3%); 1-1 (9.7%),England,Poisson simples com força baseada em pontos/ranking FIFA; +35 pts para anfitriões (MEX/CAN/USA); estimativa recreativa.,https://www.euronews.com/2026/05/30/the-euronews-guide-to-the-2026-world-cup-groups-fixtures-and-european-kick-off-times,https://football-ranking.com/fifa-world-rankings
72,L,Croatia,Ghana,11,1712.24,73,1346.88,0,0,2.17,0.69,2.87,71.4,18.1,10.5,54.6,45.4,44.3,49.9,11.4,2-0,2-0 (13.4%); 1-0 (12.4%); 3-0 (9.7%),Croatia,Poisson simples com força baseada em pontos/ranking FIFA; +35 pts para anfitriões (MEX/CAN/USA); estimativa recreativa.,https://www.euronews.com/2026/05/30/the-euronews-guide-to-the-2026-world-cup-groups-fixtures-and-european-kick-off-times,https://football-ranking.com/fifa-world-rankings
